{"franc": 3.0269868333592873, "graft": 3.0269868333592873, "grift": 3.0269868333592873, "prang": 3.0269868333592873, "prong": 3.0269868333592873, "carns": 2.9312089489103235, "carny": 2.9312089489103235, "caron": 2.9312089489103235, "cerne": 2.9312089489103235, "corni": 2.9312089489103235, "corno": 2.9312089489103235, "corns": 2.9312089489103235, "cornu": 2.9312089489103235, "corny": 2.9312089489103235, "curns": 2.9312089489103235, "curny": 2.9312089489103235, "paren": 2.9312089489103235, "perns": 2.9312089489103235, "pirns": 2.9312089489103235, "porin": 2.9312089489103235}